{"textures":{"1":"modelengine:entity/fallenravager"},"elements":[{"from":[8.371596,3.7294998,6.9861746],"to":[8.977596,6.1355,7.592175],"rotation":{"angle":-22.5,"axis":"y","origin":[8.674596,4.9325,7.289175]},"faces":{"east":{"uv":[0.9385,7.1885,0.999,7.4365],"rotation":0,"texture":"#1","tintindex":0},"south":{"uv":[1.1885,7.1885,1.249,7.4365],"rotation":0,"texture":"#1","tintindex":0},"north":{"uv":[0.8135,7.1885,0.874,7.4365],"rotation":0,"texture":"#1","tintindex":0},"west":{"uv":[1.3135,7.1885,1.374,7.4365],"rotation":0,"texture":"#1","tintindex":0},"up":{"uv":[8.4365,5.374,8.376,5.3135],"rotation":0,"texture":"#1","tintindex":0},"down":{"uv":[5.499,8.376,5.4385,8.4365],"rotation":0,"texture":"#1","tintindex":0}}},{"from":[6.662404,3.7294998,9.007825],"to":[7.268404,6.1355,9.613825],"rotation":{"angle":-22.5,"axis":"y","origin":[6.965404,4.9325,9.310825]},"faces":{"east":{"uv":[1.876,7.1885,1.9365,7.4365],"rotation":0,"texture":"#1","tintindex":0},"south":{"uv":[7.1885,1.876,7.249,2.124],"rotation":0,"texture":"#1","tintindex":0},"north":{"uv":[1.626,7.1885,1.6865,7.4365],"rotation":0,"texture":"#1","tintindex":0},"west":{"uv":[2.9385,7.1885,2.999,7.4365],"rotation":0,"texture":"#1","tintindex":0},"up":{"uv":[8.4365,5.624,8.376,5.5635],"rotation":0,"texture":"#1","tintindex":0},"down":{"uv":[8.4365,5.9385,8.376,5.999],"rotation":0,"texture":"#1","tintindex":0}}},{"from":[6.95,7.4,7.355],"to":[9.05,8.6,9.305],"rotation":{"angle":0.0,"axis":"y","origin":[8.99,3.7999997,8.255]},"faces":{"east":{"uv":[1.6885,2.376,1.874,2.499],"rotation":0,"texture":"#1","tintindex":0},"south":{"uv":[5.4385,1.0635,5.6865,1.1865],"rotation":0,"texture":"#1","tintindex":0},"north":{"uv":[5.4385,0.876,5.6865,0.999],"rotation":0,"texture":"#1","tintindex":0},"west":{"uv":[0.3135,2.5635,0.499,2.6865],"rotation":0,"texture":"#1","tintindex":0},"up":{"uv":[0.249,5.1865,0.001,5.001],"rotation":0,"texture":"#1","tintindex":0},"down":{"uv":[3.1865,5.001,2.9385,5.1865],"rotation":0,"texture":"#1","tintindex":0}}},{"from":[6.8,3.7999997,7.1],"to":[8.9,6.2,9.5],"rotation":{"angle":0.0,"axis":"y","origin":[7.85,10.7,8.3]},"faces":{"east":{"uv":[4.251,0.3135,4.499,0.5615],"rotation":0,"texture":"#1","tintindex":0},"south":{"uv":[0.4385,4.251,0.6865,4.499],"rotation":0,"texture":"#1","tintindex":0},"north":{"uv":[4.251,0.001,4.499,0.249],"rotation":0,"texture":"#1","tintindex":0},"west":{"uv":[1.1885,4.251,1.4365,4.499],"rotation":0,"texture":"#1","tintindex":0},"up":{"uv":[4.499,2.1865,4.251,1.9385],"rotation":0,"texture":"#1","tintindex":0},"down":{"uv":[4.499,2.251,4.251,2.499],"rotation":0,"texture":"#1","tintindex":0}}},{"from":[8.3,7.4,6.8],"to":[8.9,8.6,7.4],"rotation":{"angle":-22.5,"axis":"y","origin":[8.6,8.0,7.1]},"faces":{"east":{"uv":[0.376,7.9385,0.4365,8.0615],"rotation":0,"texture":"#1","tintindex":0},"south":{"uv":[0.501,7.9385,0.5615,8.0615],"rotation":0,"texture":"#1","tintindex":0},"north":{"uv":[7.9385,0.001,7.999,0.124],"rotation":0,"texture":"#1","tintindex":0},"west":{"uv":[0.626,7.9385,0.6865,8.0615],"rotation":0,"texture":"#1","tintindex":0},"up":{"uv":[2.0615,8.4365,2.001,8.376],"rotation":0,"texture":"#1","tintindex":0},"down":{"uv":[8.4365,2.126,8.376,2.1865],"rotation":0,"texture":"#1","tintindex":0}}},{"from":[8.371596,3.7294998,9.007825],"to":[8.977596,6.1355,9.613825],"rotation":{"angle":22.5,"axis":"y","origin":[8.674596,4.9325,9.310825]},"faces":{"east":{"uv":[3.1885,7.1885,3.249,7.4365],"rotation":0,"texture":"#1","tintindex":0},"south":{"uv":[3.3135,7.1885,3.374,7.4365],"rotation":0,"texture":"#1","tintindex":0},"north":{"uv":[3.0635,7.1885,3.124,7.4365],"rotation":0,"texture":"#1","tintindex":0},"west":{"uv":[3.4385,7.1885,3.499,7.4365],"rotation":0,"texture":"#1","tintindex":0},"up":{"uv":[8.4365,6.6865,8.376,6.626],"rotation":0,"texture":"#1","tintindex":0},"down":{"uv":[6.749,8.376,6.6885,8.4365],"rotation":0,"texture":"#1","tintindex":0}}},{"from":[7.1,7.4,6.8],"to":[7.7,8.6,7.4],"rotation":{"angle":22.5,"axis":"y","origin":[7.4,8.0,7.1]},"faces":{"east":{"uv":[7.876,7.3135,7.9365,7.4365],"rotation":0,"texture":"#1","tintindex":0},"south":{"uv":[7.376,7.876,7.4365,7.999],"rotation":0,"texture":"#1","tintindex":0},"north":{"uv":[7.251,7.876,7.3115,7.999],"rotation":0,"texture":"#1","tintindex":0},"west":{"uv":[7.876,7.501,7.9365,7.624],"rotation":0,"texture":"#1","tintindex":0},"up":{"uv":[1.9365,8.4365,1.876,8.376],"rotation":0,"texture":"#1","tintindex":0},"down":{"uv":[8.4365,1.876,8.376,1.9365],"rotation":0,"texture":"#1","tintindex":0}}},{"from":[9.05,8.6,9.305],"to":[6.95,7.4,7.355],"rotation":{"angle":0.0,"axis":"y","origin":[8.99,3.7999997,8.255]},"faces":{"east":{"uv":[0.3135,2.6865,0.499,2.5635],"rotation":0,"texture":"#1","tintindex":0},"south":{"uv":[5.4385,0.999,5.6865,0.876],"rotation":0,"texture":"#1","tintindex":0},"north":{"uv":[5.4385,1.1865,5.6865,1.0635],"rotation":0,"texture":"#1","tintindex":0},"west":{"uv":[1.6885,2.499,1.874,2.376],"rotation":0,"texture":"#1","tintindex":0},"up":{"uv":[2.9385,5.001,3.1865,5.1865],"rotation":0,"texture":"#1","tintindex":0},"down":{"uv":[0.001,5.1865,0.249,5.001],"rotation":0,"texture":"#1","tintindex":0}}},{"from":[6.515,6.1099997,6.995],"to":[9.095,6.89,9.575],"rotation":{"angle":0.0,"axis":"y","origin":[7.85,5.93,8.3]},"faces":{"east":{"uv":[6.751,4.9385,6.999,4.999],"rotation":0,"texture":"#1","tintindex":0},"south":{"uv":[6.751,5.6885,6.999,5.749],"rotation":0,"texture":"#1","tintindex":0},"north":{"uv":[6.751,3.876,6.999,3.9365],"rotation":0,"texture":"#1","tintindex":0},"west":{"uv":[6.751,5.8135,6.999,5.874],"rotation":0,"texture":"#1","tintindex":0},"up":{"uv":[4.624,2.8115,4.376,2.5635],"rotation":0,"texture":"#1","tintindex":0},"down":{"uv":[3.249,4.376,3.001,4.624],"rotation":0,"texture":"#1","tintindex":0}}},{"from":[6.6349998,3.1999998,7.1],"to":[9.095,3.7999997,9.515],"rotation":{"angle":0.0,"axis":"y","origin":[7.85,8.3,8.3]},"faces":{"east":{"uv":[6.751,1.751,6.999,1.8115],"rotation":0,"texture":"#1","tintindex":0},"south":{"uv":[6.751,1.876,6.999,1.9365],"rotation":0,"texture":"#1","tintindex":0},"north":{"uv":[6.751,1.626,6.999,1.6865],"rotation":0,"texture":"#1","tintindex":0},"west":{"uv":[6.751,2.001,6.999,2.0615],"rotation":0,"texture":"#1","tintindex":0},"up":{"uv":[3.874,4.499,3.626,4.251],"rotation":0,"texture":"#1","tintindex":0},"down":{"uv":[4.1865,4.251,3.9385,4.499],"rotation":0,"texture":"#1","tintindex":0}}},{"from":[6.662404,3.7294998,6.9861746],"to":[7.268404,6.1355,7.592175],"rotation":{"angle":22.5,"axis":"y","origin":[6.965404,4.9325,7.289175]},"faces":{"east":{"uv":[4.3135,7.126,4.374,7.374],"rotation":0,"texture":"#1","tintindex":0},"south":{"uv":[5.5635,7.126,5.624,7.374],"rotation":0,"texture":"#1","tintindex":0},"north":{"uv":[2.4385,7.126,2.499,7.374],"rotation":0,"texture":"#1","tintindex":0},"west":{"uv":[5.6885,7.126,5.749,7.374],"rotation":0,"texture":"#1","tintindex":0},"up":{"uv":[4.8115,8.4365,4.751,8.376],"rotation":0,"texture":"#1","tintindex":0},"down":{"uv":[4.9365,8.376,4.876,8.4365],"rotation":0,"texture":"#1","tintindex":0}}},{"from":[7.7,7.4,6.8],"to":[8.3,9.2,7.4],"rotation":{"angle":0.0,"axis":"y","origin":[8.0,8.0,7.1]},"faces":{"east":{"uv":[1.0635,7.376,1.124,7.5615],"rotation":0,"texture":"#1","tintindex":0},"south":{"uv":[7.376,1.626,7.4365,1.8115],"rotation":0,"texture":"#1","tintindex":0},"north":{"uv":[7.376,0.376,7.4365,0.5615],"rotation":0,"texture":"#1","tintindex":0},"west":{"uv":[2.001,7.376,2.0615,7.5615],"rotation":0,"texture":"#1","tintindex":0},"up":{"uv":[8.0615,7.374,8.001,7.3135],"rotation":0,"texture":"#1","tintindex":0},"down":{"uv":[8.0615,7.4385,8.001,7.499],"rotation":0,"texture":"#1","tintindex":0}}}],"display":{"head":{"translation":[0.0,-6.4,0.0],"scale":[3.8095,3.8095,3.8095]}}}