{"textures":{"1":"modelengine:entity/fallenravager"},"elements":[{"from":[6.8,5.6,6.8],"to":[9.2,8.6,9.2],"rotation":{"angle":0.0,"axis":"y","origin":[9.14,0.19999981,8.0]},"faces":{"east":{"uv":[2.3135,3.501,2.5615,3.8115],"rotation":0,"texture":"#1","tintindex":0},"south":{"uv":[3.501,3.126,3.749,3.4365],"rotation":0,"texture":"#1","tintindex":0},"north":{"uv":[2.001,3.4385,2.249,3.749],"rotation":0,"texture":"#1","tintindex":0},"west":{"uv":[3.501,3.501,3.749,3.8115],"rotation":0,"texture":"#1","tintindex":0},"up":{"uv":[3.249,4.3115,3.001,4.0635],"rotation":0,"texture":"#1","tintindex":0},"down":{"uv":[4.3115,3.9385,4.0635,4.1865],"rotation":0,"texture":"#1","tintindex":0}}},{"from":[6.7078185,5.597,8.905318],"to":[7.3138185,8.603,9.511318],"rotation":{"angle":22.5,"axis":"y","origin":[6.808318,7.1,9.208319]},"faces":{"east":{"uv":[4.751,6.626,4.8115,6.9365],"rotation":0,"texture":"#1","tintindex":0},"south":{"uv":[4.876,6.626,4.9365,6.9365],"rotation":0,"texture":"#1","tintindex":0},"north":{"uv":[4.626,6.626,4.6865,6.9365],"rotation":0,"texture":"#1","tintindex":0},"west":{"uv":[5.001,6.626,5.0615,6.9365],"rotation":0,"texture":"#1","tintindex":0},"up":{"uv":[8.4365,2.5615,8.376,2.501],"rotation":0,"texture":"#1","tintindex":0},"down":{"uv":[8.4365,2.626,8.376,2.6865],"rotation":0,"texture":"#1","tintindex":0}}},{"from":[9.2,8.6,9.2],"to":[6.8,5.6,6.8],"rotation":{"angle":0.0,"axis":"y","origin":[9.14,0.19999981,8.0]},"faces":{"east":{"uv":[3.501,3.8115,3.749,3.501],"rotation":0,"texture":"#1","tintindex":0},"south":{"uv":[2.001,3.749,2.249,3.4385],"rotation":0,"texture":"#1","tintindex":0},"north":{"uv":[3.501,3.4365,3.749,3.126],"rotation":0,"texture":"#1","tintindex":0},"west":{"uv":[2.3135,3.8115,2.5615,3.501],"rotation":0,"texture":"#1","tintindex":0},"up":{"uv":[4.0635,3.9385,4.3115,4.1865],"rotation":0,"texture":"#1","tintindex":0},"down":{"uv":[3.001,4.3115,3.249,4.0635],"rotation":0,"texture":"#1","tintindex":0}}},{"from":[6.7078185,4.9969997,6.4886813],"to":[7.3138185,8.003,7.0946817],"rotation":{"angle":-22.5,"axis":"y","origin":[6.808318,6.5,6.7916813]},"faces":{"east":{"uv":[6.626,3.626,6.6865,3.9365],"rotation":0,"texture":"#1","tintindex":0},"south":{"uv":[6.626,4.4385,6.6865,4.749],"rotation":0,"texture":"#1","tintindex":0},"north":{"uv":[2.6885,6.626,2.749,6.9365],"rotation":0,"texture":"#1","tintindex":0},"west":{"uv":[4.501,6.626,4.5615,6.9365],"rotation":0,"texture":"#1","tintindex":0},"up":{"uv":[8.4365,2.3115,8.376,2.251],"rotation":0,"texture":"#1","tintindex":0},"down":{"uv":[2.4365,8.376,2.376,8.4365],"rotation":0,"texture":"#1","tintindex":0}}},{"from":[6.89,8.5625,6.89],"to":[9.11,8.9825,9.11],"rotation":{"angle":0.0,"axis":"y","origin":[9.14,3.0725002,8.0]},"faces":{"east":{"uv":[7.126,0.251,7.374,0.3115],"rotation":0,"texture":"#1","tintindex":0},"south":{"uv":[7.126,2.501,7.374,2.5615],"rotation":0,"texture":"#1","tintindex":0},"north":{"uv":[7.126,0.126,7.374,0.1865],"rotation":0,"texture":"#1","tintindex":0},"west":{"uv":[7.126,2.626,7.374,2.6865],"rotation":0,"texture":"#1","tintindex":0},"up":{"uv":[4.8115,2.499,4.5635,2.251],"rotation":0,"texture":"#1","tintindex":0},"down":{"uv":[3.874,4.5635,3.626,4.8115],"rotation":0,"texture":"#1","tintindex":0}}}],"display":{"head":{"translation":[0.0,-6.4,0.0],"scale":[3.8095,3.8095,3.8095]}}}