{"textures":{"1":"modelengine:entity/fallenravager"},"elements":[{"from":[6.89,8.5625,6.89],"to":[9.11,8.9825,9.11],"rotation":{"angle":0.0,"axis":"y","origin":[6.86,3.0725002,8.0]},"faces":{"east":{"uv":[7.126,2.876,7.374,2.9365],"rotation":0,"texture":"#1","tintindex":0},"south":{"uv":[7.126,3.001,7.374,3.0615],"rotation":0,"texture":"#1","tintindex":0},"north":{"uv":[7.126,2.751,7.374,2.8115],"rotation":0,"texture":"#1","tintindex":0},"west":{"uv":[7.126,3.251,7.374,3.3115],"rotation":0,"texture":"#1","tintindex":0},"up":{"uv":[4.1865,4.8115,3.9385,4.5635],"rotation":0,"texture":"#1","tintindex":0},"down":{"uv":[4.8115,4.1885,4.5635,4.4365],"rotation":0,"texture":"#1","tintindex":0}}},{"from":[8.686182,5.597,8.905318],"to":[9.292182,8.603,9.511318],"rotation":{"angle":-22.5,"axis":"y","origin":[9.191682,7.1,9.208319]},"faces":{"east":{"uv":[5.376,6.626,5.4365,6.9365],"rotation":0,"texture":"#1","tintindex":0},"south":{"uv":[5.501,6.626,5.5615,6.9365],"rotation":0,"texture":"#1","tintindex":0},"north":{"uv":[5.126,6.626,5.1865,6.9365],"rotation":0,"texture":"#1","tintindex":0},"west":{"uv":[6.626,5.751,6.6865,6.0615],"rotation":0,"texture":"#1","tintindex":0},"up":{"uv":[8.4365,3.3115,8.376,3.251],"rotation":0,"texture":"#1","tintindex":0},"down":{"uv":[8.4365,3.376,8.376,3.4365],"rotation":0,"texture":"#1","tintindex":0}}},{"from":[8.686182,4.9969997,6.4886813],"to":[9.292182,8.003,7.0946817],"rotation":{"angle":22.5,"axis":"y","origin":[9.191682,6.5,6.7916813]},"faces":{"east":{"uv":[6.626,6.126,6.6865,6.4365],"rotation":0,"texture":"#1","tintindex":0},"south":{"uv":[6.626,6.501,6.6865,6.8115],"rotation":0,"texture":"#1","tintindex":0},"north":{"uv":[5.876,6.626,5.9365,6.9365],"rotation":0,"texture":"#1","tintindex":0},"west":{"uv":[6.6885,0.001,6.749,0.3115],"rotation":0,"texture":"#1","tintindex":0},"up":{"uv":[8.4365,3.749,8.376,3.6885],"rotation":0,"texture":"#1","tintindex":0},"down":{"uv":[8.4365,3.8135,8.376,3.874],"rotation":0,"texture":"#1","tintindex":0}}},{"from":[6.8,5.6,6.8],"to":[9.2,8.6,9.2],"rotation":{"angle":0.0,"axis":"y","origin":[6.86,0.19999981,8.0]},"faces":{"east":{"uv":[3.751,2.5635,3.999,2.874],"rotation":0,"texture":"#1","tintindex":0},"south":{"uv":[3.8135,0.8135,4.0615,1.124],"rotation":0,"texture":"#1","tintindex":0},"north":{"uv":[0.001,3.751,0.249,4.0615],"rotation":0,"texture":"#1","tintindex":0},"west":{"uv":[1.6885,3.8135,1.9365,4.124],"rotation":0,"texture":"#1","tintindex":0},"up":{"uv":[4.499,4.8115,4.251,4.5635],"rotation":0,"texture":"#1","tintindex":0},"down":{"uv":[4.8115,4.501,4.5635,4.749],"rotation":0,"texture":"#1","tintindex":0}}},{"from":[9.2,8.6,9.2],"to":[6.8,5.6,6.8],"rotation":{"angle":0.0,"axis":"y","origin":[6.86,0.19999981,8.0]},"faces":{"east":{"uv":[1.6885,4.124,1.9365,3.8135],"rotation":0,"texture":"#1","tintindex":0},"south":{"uv":[0.001,4.0615,0.249,3.751],"rotation":0,"texture":"#1","tintindex":0},"north":{"uv":[3.8135,1.124,4.0615,0.8135],"rotation":0,"texture":"#1","tintindex":0},"west":{"uv":[3.751,2.874,3.999,2.5635],"rotation":0,"texture":"#1","tintindex":0},"up":{"uv":[4.5635,4.501,4.8115,4.749],"rotation":0,"texture":"#1","tintindex":0},"down":{"uv":[4.251,4.8115,4.499,4.5635],"rotation":0,"texture":"#1","tintindex":0}}}],"display":{"head":{"translation":[0.0,-6.4,0.0],"scale":[3.8095,3.8095,3.8095]}}}