{"textures":{"1":"modelengine:entity/fallenravager"},"elements":[{"from":[8.456941,7.5742717,9.1025],"to":[6.2969403,5.4142714,6.9425],"rotation":{"angle":0.0,"axis":"y","origin":[3.7769399,-2.3632288,8.0]},"faces":{"east":{"uv":[0.751,4.749,0.999,4.501],"rotation":0,"texture":"#1","tintindex":0},"south":{"uv":[4.4385,3.124,4.6865,2.876],"rotation":0,"texture":"#1","tintindex":0},"north":{"uv":[4.4385,3.749,4.6865,3.501],"rotation":0,"texture":"#1","tintindex":0},"west":{"uv":[4.4385,3.4365,4.6865,3.1885],"rotation":0,"texture":"#1","tintindex":0},"up":{"uv":[1.8135,4.501,2.0615,4.749],"rotation":0,"texture":"#1","tintindex":0},"down":{"uv":[1.501,4.749,1.749,4.501],"rotation":0,"texture":"#1","tintindex":0}}},{"from":[6.2969403,5.4142714,6.9425],"to":[8.456941,7.5742717,9.1025],"rotation":{"angle":0.0,"axis":"y","origin":[3.7769399,-2.3632288,8.0]},"faces":{"east":{"uv":[4.4385,3.1885,4.6865,3.4365],"rotation":0,"texture":"#1","tintindex":0},"south":{"uv":[4.4385,3.501,4.6865,3.749],"rotation":0,"texture":"#1","tintindex":0},"north":{"uv":[4.4385,2.876,4.6865,3.124],"rotation":0,"texture":"#1","tintindex":0},"west":{"uv":[0.751,4.501,0.999,4.749],"rotation":0,"texture":"#1","tintindex":0},"up":{"uv":[1.749,4.749,1.501,4.501],"rotation":0,"texture":"#1","tintindex":0},"down":{"uv":[2.0615,4.501,1.8135,4.749],"rotation":0,"texture":"#1","tintindex":0}}},{"from":[7.9733405,5.4331717,6.6914],"to":[8.580541,7.8403716,7.2986],"rotation":{"angle":-22.5,"axis":"y","origin":[8.27694,7.836772,7.235]},"faces":{"east":{"uv":[4.0635,7.0635,4.124,7.3115],"rotation":0,"texture":"#1","tintindex":0},"south":{"uv":[4.1885,7.0635,4.249,7.3115],"rotation":0,"texture":"#1","tintindex":0},"north":{"uv":[3.9385,7.0635,3.999,7.3115],"rotation":0,"texture":"#1","tintindex":0},"west":{"uv":[7.0635,5.6885,7.124,5.9365],"rotation":0,"texture":"#1","tintindex":0},"up":{"uv":[8.4365,0.3115,8.376,0.251],"rotation":0,"texture":"#1","tintindex":0},"down":{"uv":[0.4365,8.376,0.376,8.4365],"rotation":0,"texture":"#1","tintindex":0}}},{"from":[8.46054,5.2978716,7.1261],"to":[9.05334,8.290671,7.7188997],"rotation":{"angle":22.5,"axis":"y","origin":[8.75694,6.4942718,7.4225]},"faces":{"east":{"uv":[6.5635,0.001,6.624,0.3115],"rotation":0,"texture":"#1","tintindex":0},"south":{"uv":[6.5635,1.126,6.624,1.4365],"rotation":0,"texture":"#1","tintindex":0},"north":{"uv":[6.501,6.376,6.5615,6.6865],"rotation":0,"texture":"#1","tintindex":0},"west":{"uv":[2.3135,6.5635,2.374,6.874],"rotation":0,"texture":"#1","tintindex":0},"up":{"uv":[8.124,8.374,8.0635,8.3135],"rotation":0,"texture":"#1","tintindex":0},"down":{"uv":[8.249,8.3135,8.1885,8.374],"rotation":0,"texture":"#1","tintindex":0}}},{"from":[6.17694,6.2167716,6.83],"to":[8.576941,6.8167715,9.23],"rotation":{"angle":0.0,"axis":"y","origin":[7.07694,6.186772,9.95]},"faces":{"east":{"uv":[0.751,7.0635,0.999,7.124],"rotation":0,"texture":"#1","tintindex":0},"south":{"uv":[7.0635,1.626,7.3115,1.6865],"rotation":0,"texture":"#1","tintindex":0},"north":{"uv":[7.0635,0.501,7.3115,0.5615],"rotation":0,"texture":"#1","tintindex":0},"west":{"uv":[7.0635,1.751,7.3115,1.8115],"rotation":0,"texture":"#1","tintindex":0},"up":{"uv":[2.374,4.749,2.126,4.501],"rotation":0,"texture":"#1","tintindex":0},"down":{"uv":[2.6865,4.501,2.4385,4.749],"rotation":0,"texture":"#1","tintindex":0}}},{"from":[8.456941,5.2942715,7.7225],"to":[9.05694,8.294271,8.3225],"rotation":{"angle":0.0,"axis":"y","origin":[3.7769399,-2.3632288,8.0]},"faces":{"east":{"uv":[6.5635,2.876,6.624,3.1865],"rotation":0,"texture":"#1","tintindex":0},"south":{"uv":[6.5635,3.251,6.624,3.5615],"rotation":0,"texture":"#1","tintindex":0},"north":{"uv":[6.5635,2.501,6.624,2.8115],"rotation":0,"texture":"#1","tintindex":0},"west":{"uv":[6.5635,4.0635,6.624,4.374],"rotation":0,"texture":"#1","tintindex":0},"up":{"uv":[8.374,8.249,8.3135,8.1885],"rotation":0,"texture":"#1","tintindex":0},"down":{"uv":[8.374,8.3135,8.3135,8.374],"rotation":0,"texture":"#1","tintindex":0}}},{"from":[7.9733405,5.4331717,8.8364],"to":[8.580541,7.8403716,9.4436],"rotation":{"angle":22.5,"axis":"y","origin":[8.27694,7.836772,8.9]},"faces":{"east":{"uv":[7.0635,1.876,7.124,2.124],"rotation":0,"texture":"#1","tintindex":0},"south":{"uv":[2.001,7.0635,2.0615,7.3115],"rotation":0,"texture":"#1","tintindex":0},"north":{"uv":[1.0635,7.0635,1.124,7.3115],"rotation":0,"texture":"#1","tintindex":0},"west":{"uv":[7.0635,3.5635,7.124,3.8115],"rotation":0,"texture":"#1","tintindex":0},"up":{"uv":[0.1865,8.4365,0.126,8.376],"rotation":0,"texture":"#1","tintindex":0},"down":{"uv":[0.3115,8.376,0.251,8.4365],"rotation":0,"texture":"#1","tintindex":0}}},{"from":[8.46054,5.2978716,8.3261],"to":[9.05334,8.290671,8.9189],"rotation":{"angle":-22.5,"axis":"y","origin":[8.75694,6.4942718,8.6225]},"faces":{"east":{"uv":[6.501,6.001,6.5615,6.3115],"rotation":0,"texture":"#1","tintindex":0},"south":{"uv":[6.251,6.501,6.3115,6.8115],"rotation":0,"texture":"#1","tintindex":0},"north":{"uv":[2.9385,6.501,2.999,6.8115],"rotation":0,"texture":"#1","tintindex":0},"west":{"uv":[6.376,6.501,6.4365,6.8115],"rotation":0,"texture":"#1","tintindex":0},"up":{"uv":[8.374,7.6865,8.3135,7.626],"rotation":0,"texture":"#1","tintindex":0},"down":{"uv":[7.999,8.3135,7.9385,8.374],"rotation":0,"texture":"#1","tintindex":0}}}],"display":{"head":{"translation":[0.0,-6.4,0.0],"scale":[3.8095,3.8095,3.8095]}}}