{"textures":{"0":"modelengine:entity/boneshadingravager","1":"modelengine:entity/fallenravager"},"elements":[{"from":[5.4098,6.2599998,9.388528],"to":[7.205,6.8552,9.983728],"rotation":{"angle":0.0,"axis":"y","origin":[9.6074,-10.5424,6.986128]},"faces":{"east":{"uv":[6.5635,8.1885,6.624,8.249],"rotation":0,"texture":"#1","tintindex":0},"south":{"uv":[1.1885,7.501,1.374,7.5615],"rotation":0,"texture":"#1","tintindex":0},"north":{"uv":[0.751,7.501,0.9365,7.5615],"rotation":0,"texture":"#1","tintindex":0},"west":{"uv":[8.1885,6.5635,8.249,6.624],"rotation":0,"texture":"#1","tintindex":0},"up":{"uv":[7.6865,1.6865,7.501,1.626],"rotation":0,"texture":"#1","tintindex":0},"down":{"uv":[7.6865,1.751,7.501,1.8115],"rotation":0,"texture":"#1","tintindex":0}}},{"from":[5.8964,4.9964,6.6914],"to":[6.5036,8.0036,7.2986],"rotation":{"angle":45.0,"axis":"y","origin":[6.2,6.8,7.235]},"faces":{"east":{"uv":[6.4385,4.1885,6.499,4.499],"rotation":0,"texture":"#1","tintindex":0},"south":{"uv":[4.251,6.4385,4.3115,6.749],"rotation":0,"texture":"#1","tintindex":0},"north":{"uv":[4.126,6.4385,4.1865,6.749],"rotation":0,"texture":"#1","tintindex":0},"west":{"uv":[4.376,6.4385,4.4365,6.749],"rotation":0,"texture":"#1","tintindex":0},"up":{"uv":[8.374,1.4365,8.3135,1.376],"rotation":0,"texture":"#1","tintindex":0},"down":{"uv":[8.374,1.501,8.3135,1.5615],"rotation":0,"texture":"#1","tintindex":0}}},{"from":[6.5,8.0,6.8],"to":[8.3,8.6,9.2],"rotation":{"angle":0.0,"axis":"y","origin":[10.7,-5.8,8.0]},"faces":{"east":{"uv":[5.126,2.1885,5.374,2.249],"rotation":0,"texture":"#1","tintindex":0},"south":{"uv":[7.3135,6.1885,7.499,6.249],"rotation":0,"texture":"#1","tintindex":0},"north":{"uv":[4.126,3.8135,4.3115,3.874],"rotation":0,"texture":"#1","tintindex":0},"west":{"uv":[6.626,5.0635,6.874,5.124],"rotation":0,"texture":"#1","tintindex":0},"up":{"uv":[0.624,4.1865,0.4385,3.9385],"rotation":0,"texture":"#1","tintindex":0},"down":{"uv":[4.499,4.876,4.3135,5.124],"rotation":0,"texture":"#1","tintindex":0}}},{"from":[5.8964,4.9964,8.8364],"to":[6.5036,8.0036,9.4436],"rotation":{"angle":-45.0,"axis":"y","origin":[6.2,6.8,8.9]},"faces":{"east":{"uv":[5.751,6.4385,5.8115,6.749],"rotation":0,"texture":"#1","tintindex":0},"south":{"uv":[0.5635,6.501,0.624,6.8115],"rotation":0,"texture":"#1","tintindex":0},"north":{"uv":[5.626,6.4385,5.6865,6.749],"rotation":0,"texture":"#1","tintindex":0},"west":{"uv":[0.6885,6.501,0.749,6.8115],"rotation":0,"texture":"#1","tintindex":0},"up":{"uv":[1.6865,8.374,1.626,8.3135],"rotation":0,"texture":"#1","tintindex":0},"down":{"uv":[8.374,1.626,8.3135,1.6865],"rotation":0,"texture":"#1","tintindex":0}}},{"from":[6.3728757,6.6621394,6.564264],"to":[8.172875,9.66214,9.564264],"rotation":{"angle":0.0,"axis":"y","origin":[9.372875,6.2121396,6.864264]},"faces":{"east":{"uv":[3.001,1.626,3.3115,1.9365],"rotation":0,"texture":"#1","tintindex":0},"south":{"uv":[1.0635,4.876,1.249,5.1865],"rotation":0,"texture":"#1","tintindex":0},"north":{"uv":[0.4385,4.876,0.624,5.1865],"rotation":0,"texture":"#1","tintindex":0},"west":{"uv":[3.251,0.001,3.5615,0.3115],"rotation":0,"texture":"#1","tintindex":0},"up":{"uv":[5.0615,1.5615,4.876,1.251],"rotation":0,"texture":"#1","tintindex":0},"down":{"uv":[5.0615,1.9385,4.876,2.249],"rotation":0,"texture":"#1","tintindex":0}}},{"from":[3.5977602,6.5594134,6.654264],"to":[5.21776,8.179414,9.474264],"rotation":{"angle":45.0,"axis":"z","origin":[4.49776,8.734413,8.964264]},"faces":{"east":{"uv":[2.3135,4.8135,2.624,4.999],"rotation":0,"texture":"#1","tintindex":0},"south":{"uv":[5.251,4.4385,5.4365,4.624],"rotation":0,"texture":"#1","tintindex":0},"north":{"uv":[3.5635,0.8135,3.749,0.999],"rotation":0,"texture":"#1","tintindex":0},"west":{"uv":[4.5635,4.8135,4.874,4.999],"rotation":0,"texture":"#1","tintindex":0},"up":{"uv":[2.8115,3.999,2.626,3.6885],"rotation":0,"texture":"#1","tintindex":0},"down":{"uv":[2.874,4.8135,2.6885,5.124],"rotation":0,"texture":"#1","tintindex":0}}},{"from":[8.175276,9.330276,9.2666645],"to":[8.770475,9.925476,9.861864],"rotation":{"angle":-45.0,"axis":"x","origin":[8.472876,9.627875,9.564264]},"faces":{"east":{"uv":[6.0635,8.1885,6.124,8.249],"rotation":0,"texture":"#1","tintindex":0},"south":{"uv":[6.1885,8.1885,6.249,8.249],"rotation":0,"texture":"#1","tintindex":0},"north":{"uv":[5.9385,8.1885,5.999,8.249],"rotation":0,"texture":"#1","tintindex":0},"west":{"uv":[8.1885,6.1885,8.249,6.249],"rotation":0,"texture":"#1","tintindex":0},"up":{"uv":[6.374,8.249,6.3135,8.1885],"rotation":0,"texture":"#1","tintindex":0},"down":{"uv":[8.249,6.3135,8.1885,6.374],"rotation":0,"texture":"#1","tintindex":0}}},{"from":[8.169275,7.8266754,9.383934],"to":[8.766875,9.624275,9.981534],"rotation":{"angle":0.0,"axis":"y","origin":[9.368075,7.5254755,9.682734]},"faces":{"east":{"uv":[0.001,7.501,0.0615,7.6865],"rotation":0,"texture":"#1","tintindex":0},"south":{"uv":[0.126,7.501,0.1865,7.6865],"rotation":0,"texture":"#1","tintindex":0},"north":{"uv":[7.1885,7.4385,7.249,7.624],"rotation":0,"texture":"#1","tintindex":0},"west":{"uv":[0.376,7.501,0.4365,7.6865],"rotation":0,"texture":"#1","tintindex":0},"up":{"uv":[4.374,8.249,4.3135,8.1885],"rotation":0,"texture":"#1","tintindex":0},"down":{"uv":[4.499,8.1885,4.4385,8.249],"rotation":0,"texture":"#1","tintindex":0}}},{"from":[5.8999996,5.6,6.8],"to":[8.3,8.0,9.2],"rotation":{"angle":0.0,"axis":"y","origin":[10.7,-5.8,8.0]},"faces":{"east":{"uv":[1.1885,3.9385,1.4365,4.1865],"rotation":0,"texture":"#1","tintindex":0},"south":{"uv":[3.9385,2.251,4.1865,2.499],"rotation":0,"texture":"#1","tintindex":0},"north":{"uv":[3.9385,0.3135,4.1865,0.5615],"rotation":0,"texture":"#1","tintindex":0},"west":{"uv":[3.751,3.9385,3.999,4.1865],"rotation":0,"texture":"#1","tintindex":0},"up":{"uv":[4.249,1.874,4.001,1.626],"rotation":0,"texture":"#1","tintindex":0},"down":{"uv":[4.3115,2.5635,4.0635,2.8115],"rotation":0,"texture":"#1","tintindex":0}}},{"from":[7.777988,6.464374,9.382734],"to":[8.377988,7.664374,9.982734],"rotation":{"angle":-22.5,"axis":"z","origin":[8.977988,6.764374,9.682734]},"faces":{"east":{"uv":[7.8135,2.501,7.874,2.624],"rotation":0,"texture":"#1","tintindex":0},"south":{"uv":[7.8135,2.6885,7.874,2.8115],"rotation":0,"texture":"#1","tintindex":0},"north":{"uv":[2.251,7.8135,2.3115,7.9365],"rotation":0,"texture":"#1","tintindex":0},"west":{"uv":[7.8135,2.876,7.874,2.999],"rotation":0,"texture":"#1","tintindex":0},"up":{"uv":[4.749,8.249,4.6885,8.1885],"rotation":0,"texture":"#1","tintindex":0},"down":{"uv":[8.249,4.8135,8.1885,4.874],"rotation":0,"texture":"#1","tintindex":0}}},{"from":[6.9916506,6.691584,9.380334],"to":[8.19645,7.296384,9.985134],"rotation":{"angle":22.5,"axis":"z","origin":[8.194051,6.993984,9.682734]},"faces":{"east":{"uv":[8.1885,4.4385,8.249,4.499],"rotation":0,"texture":"#1","tintindex":0},"south":{"uv":[7.8135,2.126,7.9365,2.1865],"rotation":0,"texture":"#1","tintindex":0},"north":{"uv":[7.8135,2.001,7.9365,2.0615],"rotation":0,"texture":"#1","tintindex":0},"west":{"uv":[4.5635,8.1885,4.624,8.249],"rotation":0,"texture":"#1","tintindex":0},"up":{"uv":[7.9365,2.3115,7.8135,2.251],"rotation":0,"texture":"#1","tintindex":0},"down":{"uv":[7.9365,2.376,7.8135,2.4365],"rotation":0,"texture":"#1","tintindex":0}}},{"from":[8.170476,7.8254757,6.1376],"to":[8.775275,9.630276,6.7424],"rotation":{"angle":0.0,"axis":"y","origin":[9.372875,7.5278754,6.44]},"faces":{"east":{"uv":[6.8135,7.4385,6.874,7.624],"rotation":0,"texture":"#1","tintindex":0},"south":{"uv":[6.9385,7.4385,6.999,7.624],"rotation":0,"texture":"#1","tintindex":0},"north":{"uv":[6.6885,7.4385,6.749,7.624],"rotation":0,"texture":"#1","tintindex":0},"west":{"uv":[7.0635,7.4385,7.124,7.624],"rotation":0,"texture":"#1","tintindex":0},"up":{"uv":[3.9365,8.249,3.876,8.1885],"rotation":0,"texture":"#1","tintindex":0},"down":{"uv":[4.249,8.1885,4.1885,8.249],"rotation":0,"texture":"#1","tintindex":0}}},{"from":[4.063106,6.5984488,6.054264],"to":[5.7431064,7.6784487,10.134264],