{"textures":{"8":"modelengine:entity/fravager_shockwave1"},"elements":[{"from":[-15.862858,8.0,-15.862858],"to":[31.862858,8.0,31.862858],"rotation":{"angle":0.0,"axis":"y","origin":[8.0,8.0,8.0]},"faces":{"east":{"uv":[0.001,0.001,7.999,-0.001],"rotation":180,"texture":"#8","tintindex":0},"south":{"uv":[0.001,0.001,-0.001,7.999],"rotation":270,"texture":"#8","tintindex":0},"north":{"uv":[0.001,0.001,-0.001,7.999],"rotation":90,"texture":"#8","tintindex":0},"west":{"uv":[0.001,0.001,7.999,-0.001],"rotation":0,"texture":"#8","tintindex":0},"up":{"uv":[12.001,0.001,15.999,3.999],"rotation":270,"texture":"#8","tintindex":0},"down":{"uv":[15.999,0.001,12.001,3.999],"rotation":270,"texture":"#8","tintindex":0}}}],"display":{"head":{"translation":[0.0,-6.4,0.0],"scale":[3.7333333,3.7333333,3.7333333]}}}