{"textures":{"1":"modelengine:entity/fallenravager"},"elements":[{"from":[6.02,6.2,7.55],"to":[9.02,8.0,8.15],"rotation":{"angle":0.0,"axis":"y","origin":[9.62,3.1999998,5.1499996]},"faces":{"east":{"uv":[3.1885,7.501,3.249,7.6865],"rotation":0,"texture":"#1","tintindex":0},"south":{"uv":[3.9385,4.876,4.249,5.0615],"rotation":0,"texture":"#1","tintindex":0},"north":{"uv":[3.9385,4.876,4.249,5.0615],"rotation":0,"texture":"#1","tintindex":0},"west":{"uv":[3.3135,7.501,3.374,7.6865],"rotation":0,"texture":"#1","tintindex":0},"up":{"uv":[6.5615,3.874,6.251,3.8135],"rotation":0,"texture":"#1","tintindex":0},"down":{"uv":[6.5615,3.9385,6.251,3.999],"rotation":0,"texture":"#1","tintindex":0}}},{"from":[7.82,1.3999996,7.55],"to":[8.42,2.6,8.15],"rotation":{"angle":0.0,"axis":"y","origin":[10.22,3.1999998,5.1499996]},"faces":{"east":{"uv":[5.6885,7.8135,5.749,7.9365],"rotation":0,"texture":"#1","tintindex":0},"south":{"uv":[7.8135,6.376,7.874,6.499],"rotation":0,"texture":"#1","tintindex":0},"north":{"uv":[5.5635,7.8135,5.624,7.9365],"rotation":0,"texture":"#1","tintindex":0},"west":{"uv":[7.501,7.8135,7.5615,7.9365],"rotation":0,"texture":"#1","tintindex":0},"up":{"uv":[8.249,7.1865,8.1885,7.126],"rotation":0,"texture":"#1","tintindex":0},"down":{"uv":[7.249,8.1885,7.1885,8.249],"rotation":0,"texture":"#1","tintindex":0}}},{"from":[8.42,0.7999997,7.55],"to":[9.02,1.3999996,8.15],"rotation":{"angle":0.0,"axis":"y","origin":[10.22,3.1999998,5.1499996]},"faces":{"east":{"uv":[8.1885,7.6885,8.249,7.749],"rotation":0,"texture":"#1","tintindex":0},"south":{"uv":[7.9385,8.1885,7.999,8.249],"rotation":0,"texture":"#1","tintindex":0},"north":{"uv":[7.9385,8.1885,7.999,8.249],"rotation":0,"texture":"#1","tintindex":0},"west":{"uv":[8.0635,8.1885,8.124,8.249],"rotation":0,"texture":"#1","tintindex":0},"up":{"uv":[8.249,8.249,8.1885,8.1885],"rotation":0,"texture":"#1","tintindex":0},"down":{"uv":[0.1865,8.251,0.126,8.3115],"rotation":0,"texture":"#1","tintindex":0}}},{"from":[6.62,4.3999996,7.55],"to":[9.02,6.2,8.15],"rotation":{"angle":0.0,"axis":"y","origin":[9.62,3.1999998,5.1499996]},"faces":{"east":{"uv":[3.4385,7.501,3.499,7.6865],"rotation":0,"texture":"#1","tintindex":0},"south":{"uv":[5.126,1.9385,5.374,2.124],"rotation":0,"texture":"#1","tintindex":0},"north":{"uv":[5.126,1.9385,5.374,2.124],"rotation":0,"texture":"#1","tintindex":0},"west":{"uv":[3.5635,7.501,3.624,7.6865],"rotation":0,"texture":"#1","tintindex":0},"up":{"uv":[7.124,1.0615,6.876,1.001],"rotation":0,"texture":"#1","tintindex":0},"down":{"uv":[3.9365,6.876,3.6885,6.9365],"rotation":0,"texture":"#1","tintindex":0}}},{"from":[7.22,2.6,7.55],"to":[8.42,4.3999996,8.15],"rotation":{"angle":0.0,"axis":"y","origin":[9.62,3.1999998,5.1499996]},"faces":{"east":{"uv":[3.9385,7.501,3.999,7.6865],"rotation":0,"texture":"#1","tintindex":0},"south":{"uv":[6.0635,4.4385,6.1865,4.624],"rotation":0,"texture":"#1","tintindex":0},"north":{"uv":[6.0635,4.4385,6.1865,4.624],"rotation":0,"texture":"#1","tintindex":0},"west":{"uv":[4.0635,7.501,4.124,7.6865],"rotation":0,"texture":"#1","tintindex":0},"up":{"uv":[7.9365,4.999,7.8135,4.9385],"rotation":0,"texture":"#1","tintindex":0},"down":{"uv":[7.9365,5.0635,7.8135,5.124],"rotation":0,"texture":"#1","tintindex":0}}}],"display":{"head":{"translation":[0.0,-6.4,0.0],"scale":[3.8095,3.8095,3.8095]}}}