{"textures":{"4":"modelengine:entity/fravager_chipcitums_axe"},"elements":[{"from":[7.8275,8.047225,1.732007],"to":[7.8275,22.447224,16.132008],"rotation":{"angle":0.0,"axis":"y","origin":[7.8275,12.847225,8.347008]},"faces":{"east":{"uv":[0.016,0.016,15.984,15.984],"rotation":0,"texture":"#4","tintindex":0},"south":{"uv":[14.016,14.016,14.984,14.984],"rotation":0,"texture":"#4","tintindex":0},"north":{"uv":[14.016,14.016,14.984,14.984],"rotation":0,"texture":"#4","tintindex":0},"west":{"uv":[15.984,0.016,0.016,15.984],"rotation":0,"texture":"#4","tintindex":0},"up":{"uv":[14.016,14.016,14.984,14.984],"rotation":0,"texture":"#4","tintindex":0},"down":{"uv":[14.016,14.016,14.984,14.984],"rotation":0,"texture":"#4","tintindex":0}}},{"from":[7.8275,8.047225,1.732007],"to":[7.8275,21.247225,14.932008],"rotation":{"angle":22.5,"axis":"z","origin":[7.8275,8.047225,8.347008]},"faces":{"east":{"uv":[0.016,0.016,15.984,15.984],"rotation":0,"texture":"#4","tintindex":0},"south":{"uv":[14.016,14.016,14.984,14.984],"rotation":0,"texture":"#4","tintindex":0},"north":{"uv":[14.016,14.016,14.984,14.984],"rotation":0,"texture":"#4","tintindex":0},"west":{"uv":[15.984,0.016,0.016,15.984],"rotation":0,"texture":"#4","tintindex":0},"up":{"uv":[14.016,14.016,14.984,14.984],"rotation":0,"texture":"#4","tintindex":0},"down":{"uv":[14.016,14.016,14.984,14.984],"rotation":0,"texture":"#4","tintindex":0}}},{"from":[7.8275,8.047225,2.3320074],"to":[7.8275,21.247225,14.932008],"rotation":{"angle":-22.5,"axis":"z","origin":[7.8275,8.047225,8.347008]},"faces":{"east":{"uv":[0.016,0.016,15.984,15.984],"rotation":0,"texture":"#4","tintindex":0},"south":{"uv":[14.016,14.016,14.984,14.984],"rotation":0,"texture":"#4","tintindex":0},"north":{"uv":[14.016,14.016,14.984,14.984],"rotation":0,"texture":"#4","tintindex":0},"west":{"uv":[15.984,0.016,0.016,15.984],"rotation":0,"texture":"#4","tintindex":0},"up":{"uv":[14.016,14.016,14.984,14.984],"rotation":0,"texture":"#4","tintindex":0},"down":{"uv":[14.016,14.016,14.984,14.984],"rotation":0,"texture":"#4","tintindex":0}}}],"display":{"head":{"translation":[0.0,-6.4,0.0],"scale":[3.8095,3.8095,3.8095]}}}