{"textures":{"1":"modelengine:entity/fallenravager"},"elements":[{"from":[7.3922,8.487902,4.4625278],"to":[8.6018,9.097502,5.6721277],"rotation":{"angle":45.0,"axis":"x","origin":[7.397,8.792702,4.819828]},"faces":{"east":{"uv":[7.9385,2.6885,8.0615,2.749],"rotation":0,"texture":"#1","tintindex":0},"south":{"uv":[7.9385,2.8135,8.0615,2.874],"rotation":0,"texture":"#1","tintindex":0},"north":{"uv":[7.876,7.6885,7.999,7.749],"rotation":0,"texture":"#1","tintindex":0},"west":{"uv":[2.876,7.9385,2.999,7.999],"rotation":0,"texture":"#1","tintindex":0},"up":{"uv":[7.249,5.499,7.126,5.376],"rotation":0,"texture":"#1","tintindex":0},"down":{"uv":[7.3115,0.9385,7.1885,1.0615],"rotation":0,"texture":"#1","tintindex":0}}},{"from":[6.86,8.098201,7.642828],"to":[9.14,9.298202,9.382828],"rotation":{"angle":0.0,"axis":"y","origin":[8.0,14.998201,8.242828]},"faces":{"east":{"uv":[2.126,2.5635,2.3115,2.6865],"rotation":0,"texture":"#1","tintindex":0},"south":{"uv":[5.4385,1.9385,5.6865,2.0615],"rotation":0,"texture":"#1","tintindex":0},"north":{"uv":[5.4385,1.5635,5.6865,1.6865],"rotation":0,"texture":"#1","tintindex":0},"west":{"uv":[2.1885,6.001,2.374,6.124],"rotation":0,"texture":"#1","tintindex":0},"up":{"uv":[2.5615,5.249,2.3135,5.0635],"rotation":0,"texture":"#1","tintindex":0},"down":{"uv":[5.3115,2.8135,5.0635,2.999],"rotation":0,"texture":"#1","tintindex":0}}},{"from":[6.797,7.495201,5.2398276],"to":[9.203,8.701201,9.4458275],"rotation":{"angle":0.0,"axis":"y","origin":[8.0,14.398201,8.242828]},"faces":{"east":{"uv":[4.9385,0.626,5.374,0.749],"rotation":0,"texture":"#1","tintindex":0},"south":{"uv":[5.4385,4.8135,5.6865,4.9365],"rotation":0,"texture":"#1","tintindex":0},"north":{"uv":[4.126,5.4385,4.374,5.5615],"rotation":0,"texture":"#1","tintindex":0},"west":{"uv":[4.9385,0.8135,5.374,0.9365],"rotation":0,"texture":"#1","tintindex":0},"up":{"uv":[2.624,3.4365,2.376,3.001],"rotation":0,"texture":"#1","tintindex":0},"down":{"uv":[3.249,2.751,3.001,3.1865],"rotation":0,"texture":"#1","tintindex":0}}},{"from":[7.4,7.4982014,4.642828],"to":[8.6,8.698201,5.242828],"rotation":{"angle":0.0,"axis":"y","origin":[8.0,14.398201,8.242828]},"faces":{"east":{"uv":[7.6885,1.251,7.749,1.374],"rotation":0,"texture":"#1","tintindex":0},"south":{"uv":[6.751,4.626,6.874,4.749],"rotation":0,"texture":"#1","tintindex":0},"north":{"uv":[6.751,4.4385,6.874,4.5615],"rotation":0,"texture":"#1","tintindex":0},"west":{"uv":[7.6885,3.251,7.749,3.374],"rotation":0,"texture":"#1","tintindex":0},"up":{"uv":[2.9365,1.6865,2.8135,1.626],"rotation":0,"texture":"#1","tintindex":0},"down":{"uv":[3.4365,3.126,3.3135,3.1865],"rotation":0,"texture":"#1","tintindex":0}}}],"display":{"head":{"translation":[0.0,-6.4,0.0],"scale":[3.8095,3.8095,3.8095]}}}